Month,Perc_Vacc,Sample_Size
Jul-15,0.005310762,50801
Aug-15,0.018143344,50801
Sep-15,0.091239129,50801
Oct-15,0.259566131,50801
Nov-15,0.357817681,50801
Dec-15,0.392224996,50801
Jan-16,0.419057578,50801
Feb-16,0.435253834,50801
Mar-16,0.44680211,50801
Apr-16,0.453591051,50801
May-16,0.45436519,50801
